<?xml version="1.0" encoding="UTF-8"?>
<Invoice xmlns="urn:oasis:names:specification:ubl:schema:xsd:Invoice-2" xmlns:cac="urn:oasis:names:specification:ubl:schema:xsd:CommonAggregateComponents-2" xmlns:cbc="urn:oasis:names:specification:ubl:schema:xsd:CommonBasicComponents-2" xmlns:ext="urn:oasis:names:specification:ubl:schema:xsd:CommonExtensionComponents-2">
  <ext:UBLExtensions>
    <ext:UBLExtension>
      <ext:ExtensionContent></ext:ExtensionContent>
    </ext:UBLExtension>
  </ext:UBLExtensions>
  <cbc:UBLVersionID>2.1</cbc:UBLVersionID>
  <cbc:CustomizationID>2.0</cbc:CustomizationID>
  <cbc:ID>E001-00000001</cbc:ID>
  <cbc:IssueDate>2025-01-16</cbc:IssueDate>
  <cbc:IssueTime>00:00:00</cbc:IssueTime>
  <cbc:InvoiceTypeCode listAgencyName="PE:SUNAT" listName="Tipo de Documento" listURI="urn:pe:gob:sunat:cpe:see:gem:catalogos:catalogo01">01</cbc:InvoiceTypeCode>
  <cbc:DocumentCurrencyCode>PEN</cbc:DocumentCurrencyCode>
  <cac:Signature>
    <cbc:ID>IDSignST</cbc:ID>
    <cac:SignatoryParty>
      <cac:PartyIdentification>
        <cbc:ID>20612790168</cbc:ID>
      </cac:PartyIdentification>
      <cac:PartyName>
        <cbc:Name>NEOFORCE BUSINESS SOLUTIONS S.A.C.</cbc:Name>
      </cac:PartyName>
    </cac:SignatoryParty>
    <cac:DigitalSignatureAttachment>
      <cac:ExternalReference>
        <cbc:URI>#SignatureST</cbc:URI>
      </cac:ExternalReference>
    </cac:DigitalSignatureAttachment>
  </cac:Signature>
  <cac:AccountingSupplierParty>
    <cac:Party>
      <cac:PartyIdentification>
        <cbc:ID schemeID="6" schemeName="Documento de Identidad" schemeAgencyName="PE:SUNAT" schemeURI="urn:pe:gob:sunat:cpe:see:gem:catalogos:catalogo06">20612790168</cbc:ID>
      </cac:PartyIdentification>
      <cac:PartyName>
        <cbc:Name>NEOFORCE</cbc:Name>
      </cac:PartyName>
      <cac:PartyTaxScheme>
        <cbc:RegistrationName>NEOFORCE BUSINESS SOLUTIONS S.A.C.</cbc:RegistrationName>
        <cbc:CompanyID schemeID="6" schemeName="SUNAT:Identificador de Documento de Identidad" schemeAgencyName="PE:SUNAT" schemeURI="urn:pe:gob:sunat:cpe:see:gem:catalogos:catalogo06">20612790168</cbc:CompanyID>
        <cac:TaxScheme>
          <cbc:ID>9999</cbc:ID>
          <cbc:Name>SUNAT</cbc:Name>
        </cac:TaxScheme>
      </cac:PartyTaxScheme>
      <cac:PartyLegalEntity>
        <cbc:RegistrationName>NEOFORCE BUSINESS SOLUTIONS S.A.C.</cbc:RegistrationName>
      </cac:PartyLegalEntity>
      <cac:Contact>
        <cbc:ElectronicMail>contacto@neoforce.pe</cbc:ElectronicMail>
        <cbc:Telephone>+51-1-4251234</cbc:Telephone>
      </cac:Contact>
    </cac:Party>
  </cac:AccountingSupplierParty>
  <cac:AccountingCustomerParty>
    <cac:Party>
      <cac:PartyIdentification>
        <cbc:ID schemeID="6" schemeName="Documento de Identidad" schemeAgencyName="PE:SUNAT" schemeURI="urn:pe:gob:sunat:cpe:see:gem:catalogos:catalogo06">20100070970</cbc:ID>
      </cac:PartyIdentification>
      <cac:PartyName>
        <cbc:Name></cbc:Name>
      </cac:PartyName>
      <cac:PartyLegalEntity>
        <cbc:RegistrationName>EMPRESA TEST S.A.C.</cbc:RegistrationName>
      </cac:PartyLegalEntity>
      <cac:Contact></cac:Contact>
    </cac:Party>
  </cac:AccountingCustomerParty>
  <cac:TaxTotal>
    <cbc:TaxAmount currencyID="PEN">36</cbc:TaxAmount>
    <cac:TaxSubtotal>
      <cbc:TaxableAmount currencyID="PEN">200</cbc:TaxableAmount>
      <cbc:TaxAmount currencyID="PEN">36</cbc:TaxAmount>
      <cac:TaxCategory>
        <cbc:ID>1000</cbc:ID>
        <cbc:Percent>18</cbc:Percent>
        <cac:TaxScheme>
          <cbc:ID>1000</cbc:ID>
          <cbc:Name>IGV</cbc:Name>
        </cac:TaxScheme>
      </cac:TaxCategory>
    </cac:TaxSubtotal>
  </cac:TaxTotal>
  <cac:LegalMonetaryTotal>
    <cbc:LineExtensionAmount currencyID="PEN">200</cbc:LineExtensionAmount>
    <cbc:TaxInclusiveAmount currencyID="PEN">236</cbc:TaxInclusiveAmount>
    <cbc:TaxExclusiveAmount currencyID="PEN">200</cbc:TaxExclusiveAmount>
    <cbc:PayableAmount currencyID="PEN">236</cbc:PayableAmount>
  </cac:LegalMonetaryTotal>
  <cac:InvoiceLine>
    <cbc:ID>1</cbc:ID>
    <cbc:InvoicedQuantity unitCode="NIU">1</cbc:InvoicedQuantity>
    <cbc:LineExtensionAmount currencyID="PEN">200</cbc:LineExtensionAmount>
    <cac:PricingReference>
      <cac:AlternativeConditionPrice>
        <cbc:PriceAmount currencyID="PEN">236</cbc:PriceAmount>
        <cbc:PriceTypeCode>01</cbc:PriceTypeCode>
      </cac:AlternativeConditionPrice>
    </cac:PricingReference>
    <cac:TaxTotal>
      <cbc:TaxAmount currencyID="PEN">36</cbc:TaxAmount>
      <cac:TaxSubtotal>
        <cbc:TaxableAmount currencyID="PEN">200</cbc:TaxableAmount>
        <cbc:TaxAmount currencyID="PEN">36</cbc:TaxAmount>
        <cac:TaxCategory>
          <cbc:ID>1000</cbc:ID>
          <cbc:Percent>18</cbc:Percent>
          <cac:TaxScheme>
            <cbc:ID>1000</cbc:ID>
            <cbc:Name>IGV</cbc:Name>
          </cac:TaxScheme>
        </cac:TaxCategory>
      </cac:TaxSubtotal>
    </cac:TaxTotal>
    <cac:Item>
      <cbc:Description>Prueba con serie E001 (portal SUNAT)</cbc:Description>
      <cac:SellersItemIdentification>
        <cbc:ID></cbc:ID>
      </cac:SellersItemIdentification>
    </cac:Item>
    <cac:Price>
      <cbc:PriceAmount currencyID="PEN">200</cbc:PriceAmount>
    </cac:Price>
  </cac:InvoiceLine>
</Invoice>